BC,Reads,UMI.Count
GGTATCA_TAGATTCAGTATCGACAATGTA,6469,4017
GGTATCA_TGCATACTATATTAAAAATCTA,6053,3834
GGTATCA_GTCATTCTCGATGTGTGATCGA,3824,2807
GGTATCA_TATATCGATAATCTTGTATTCG,3539,2639
GGTATCA_TACATCCCTCATCTCCTATTCT,3450,2553
GGTATCA_TCTATCTTTCATATTCTATTCT,2980,2258
GGTATCA_TTCATACATCATTCTGCATGAA,2928,2285
GGTATCA_CACATTCAGAATAACCCATCAA,2913,2298
GGTATCA_TTAAATATACCATTCCGCATAA,2894,2252
GGTATCA_GTAATGCCAAATAGCGCATATC,2887,2263
GGTATCA_TTAATTCATGATAACAGATACG,2872,2246
GGTATCA_TGCATTTGAAATTTGTCATGTC,2829,2204
GGTATCA_GTCATATAGAATCTTCTATCAT,2828,2226
GGTATCA_GTCATACGACATCTTCGATTTA,2740,2161
GGTATCA_TCCATGATCTATGCGTAATTCA,2614,2053
GGTATCA_CTTATAATTAATTCGTTATTAT,2595,2091
GGTATCA_ATGATTCTCAATCGTACATCGA,2498,1999
GGTATCA_CTAATGTGCGATGTTATATCCA,2477,1972
GGTATCA_AATATCTCGAATGCCTTATTTA,2327,1885
GGTATCA_AACATTCAAAATCACATATTTT,2171,1772
GGTATCA_TTTATGTCTCATGTCCAATGAG,2169,1811
GGTATCA_CTGATTTATTATGAATTATTTC,2140,1753
GGTATCA_TCCATTGCATATTTCATATGTT,2132,1780
GGTATCA_TGTATTTTCCATCAACAATACG,2097,1749
GGTATCA_AAAATGCGATATGTATAATCCA,2074,1719
GGTATCA_AAAATGTATGATAATTCATAAC,1962,1639
GGTATCA_CATATCTATAATGCACAATACC,1937,1635
GGTATCA_AACATAAAACATCCTTCATTCT,1932,1592
GGTATCA_TTTATGCCTAATTAGTGATTAT,1916,1632
GGTATCA_TCTATACTACATTTGTCATTTT,1880,1583
GGTATCA_CAAATTTCACATAAGAGATACC,1857,1567
GGTATCA_TCTATGGATTATCTCGCATCTA,1846,1587
GGTATCA_CGTATTTCACATATTACATTTA,1822,1555
GGTATCA_TTGATATATAATATTGCATTGT,1818,1557
GGTATCA_TCAATCAGCGATTGGTAATATC,1796,1521
GGTATCA_TGCATTTTTCATGACCAATAGA,1784,1486
GGTATCA_TCCATAAATCATTTTCCATCTC,1748,1492
GGTATCA_TCAATTGAACATCTTGCATATA,1740,1493
GGTATCA_TGCATTTACCATGATCTATTAT,1736,1457
GGTATCA_CACATCCGCGATTGGTCATATA,1735,1488
GGTATCA_CATATAGTTCATGCAAAATGAT,1726,1486
GGTATCA_ATGATCGTCAATATCTAATTTC,1723,1482
GGTATCA_CGTATATTTCATCGCGTATACC,1721,1478
GGTATCA_TCTATTCGTTATTATACATAGT,1706,1451
GGTATCA_ATTATGGTTTATTTAATATATA,1701,1438
GGTATCA_CAAATTTTAAATAAGGAATCTC,1688,1456
GGTATCA_ACTATCGACGATAACTGATGAA,1684,1444
GGTATCA_TTTATGAGCCATTGACAATACA,1672,1413
GGTATCA_CAAATATGAAATGGCTAATGGG,1671,1430
GGTATCA_GTAATTAGTTATTATCTATATG,1666,1430
GGTATCA_ATAATTATATATGTGAAATACC,1662,1430
GGTATCA_CCTATAGGAGATTGACAATCCT,1642,1441
GGTATCA_CTGATTTCGGATTTCACATTGA,1593,1364
GGTATCA_ACAATCGGCTATCCGAAATATC,1591,1394
GGTATCA_CTGATAAGTTATTGTAAATCGA,1583,1389
GGTATCA_AAAATACTATATCCATGATCGG,1581,1358
GGTATCA_AATATGCAAGTATAATCTATCGA,1576,1339
GGTATCA_TCAATGAGCTATTGCTTATAGC,1559,1382
GGTATCA_CTCATGATACATATGATATCGG,1554,1355
GGTATCA_TTCATGCCACATAAACTATTCA,1548,1323
GGTATCA_AGCATGTAGGATGTATAATCAG,1545,1343
GGTATCA_CTGATCGTACATTCCAAATTTC,1544,1332
GGTATCA_GTTATTGTACATCTAAAATTCC,1534,1311
GGTATCA_GCTATCAGTTATTGACAATGTT,1530,1320
GGTATCA_CCAATGACTCATTATCAATCAG,1526,1330
GGTATCA_TCTATAGTTAATAGTAAATTAT,1523,1322
GGTATCA_CACATAAAATATTCCGAATAGA,1516,1306
GGTATCA_CACATTTCCGATTCTGCATAAC,1512,1321
GGTATCA_TTTATAATCAATTATTCATTGC,1507,1292
GGTATCA_TCTATTTTACATAATAGATCTA,1505,1321
GGTATCA_TGCATTCCCAATCGGACATGCG,1493,1323
GGTATCA_TCAATTGATCATATACGATTAC,1492,1305
GGTATCA_TCAATTTTGAATATTAGATTCG,1492,1281
GGTATCA_TAGATTATCAATCCCACATTTC,1489,1284
GGTATCA_ATTATGCTAAATGATTCATTAA,1488,1271
GGTATCA_TTAATGCCACATCTATAATCAT,1486,1267
GGTATCA_TCCATTCTGGATTGTGCATTTT,1470,1262
GGTATCA_GTTATTTCAAATTCTTAATCTT,1466,1284
GGTATCA_TAAATTTCTGATCCTTCATTGT,1462,1289
GGTATCA_TTAATATCAAATAGTGTATCGG,1452,1253
GGTATCA_TCAATTATAGATTAAAGATCAG,1450,1257
GGTATCA_TGGATTACGTATTTGAGATTCT,1447,1267
GGTATCA_TCCATCTTGGATGACGCATACT,1442,1270
GGTATCA_AATATTCGCTATATATTATTCC,1435,1275
GGTATCA_GTGATGCGTAATTGTAGATTCT,1427,1255
GGTATCA_TGTATTACGAATGATGTATTAC,1421,1257
GGTATCA_TCCATTGAGCATGTACTATGCC,1418,1231
GGTATCA_CTCATCAAGCATACAAGATCGA,1417,1216
GGTATCA_TTGATCTAAAATCTCACATTTC,1412,1245
GGTATCA_AATATTGCGTATGTTCAATCTG,1411,1227
GGTATCA_ACCATGATTAATAATGAATACT,1400,1231
GGTATCA_GAAATGATGCATTGGATATGCC,1399,1235
GGTATCA_TCTATTGTCTATCTAATATTAT,1391,1212
GGTATCA_TCTATATTTGATTCATTATCAT,1385,1222
GGTATCA_GTCATGTGTGATGTAGAATTTC,1385,1231
GGTATCA_GAAATGCTCCATGTTCTATTCC,1384,1218
GGTATCA_TGTATTTTAGATTCCGCATTCC,1378,1221
GGTATCA_TAAATATTGAATCCTCTATCGC,1377,1221
GGTATCA_GTTATATTATATCTCCAATGTA,1375,1202
GGTATCA_CAGATGTTCTATACTCCATGAC,1372,1224
GGTATCA_TCTATCAGATATGTATTATTTT,1362,1192
GGTATCA_CACATACTACATTTACTATTCA,1361,1191
GGTATCA_ATTATAACTCATAGAACATTGC,1357,1176
GGTATCA_TGAATTGTCCATACGCAATTGT,1339,1199
GGTATCA_AGTATTATACATCTCTAATCCT,1333,1181
GGTATCA_ACTATCATACATCCTACATGTC,1331,1169
GGTATCA_TCAATGTATAATCAGATATCTC,1329,1178
GGTATCA_CGCATCCTCTATAATGAATATA,1327,1152
GGTATCA_AGTATACTATATGTACAATGTA,1320,1173
GGTATCA_TATATTTGCCATCCTAAATGCC,1312,1156
GGTATCA_TAGATGTGGGATTTATAATTCG,1306,1145
GGTATCA_TACATTTAGAATCTTTGATCAC,1291,1152
GGTATCA_TACATAATTTATCAAGCATACA,1289,1147
GGTATCA_TTGATTCCGAATCGCCTATGAC,1284,1122
GGTATCA_CGAATACTACATTCTTCATAAA,1283,1148
GGTATCA_CCTATTCGTAATAACGGATCAT,1274,1148
GGTATCA_TCGATTTGATATCGTGAATTGT,1266,1123
GGTATCA_CTAATTTTATATAGTGGATTTA,1265,1133
GGTATCA_CTCATGGAAGATGTTTTATAGA,1265,1133
GGTATCA_CTAATTTTGTATCATATATGCA,1261,1119
GGTATCA_ACCATCACGCATCTTTTATTAA,1256,1115
GGTATCA_TTAATCGGATATCCCTAATTTA,1252,1110
GGTATCA_TTGATCGTTCATTCGTTATCCT,1248,1101
GGTATCA_TTTATGAGACATAAAACATATC,1246,1101
GGTATCA_AGAATCCTTTATTAGGCATTTC,1241,1112
GGTATCA_ATCATCGGGTATTTGCCATCCG,1239,1107
GGTATCA_CTCATTACGGATTCTCAATCAA,1237,1085
GGTATCA_CTGATTCTCGATTTCCAATGCG,1231,1082
GGTATCA_TTAATTATACATCTTGCATAGC,1225,1093
GGTATCA_CCAATATATCATTATGCATTAA,1220,1079
GGTATCA_AAAATTCTTTATCTCATATCAG,1220,1090
GGTATCA_AGTATCCGGAATTGTTCATTTA,1219,1077
GGTATCA_TGTATTTCAGATATTGGATATA,1210,1077
GGTATCA_CGTATAAATAATTTTAGATCAC,1208,1066
GGTATCA_AAAATTTCGGATCATTCATACT,1208,1080
GGTATCA_CTCATGAGGTATGTGTCATCTA,1203,1064
GGTATCA_TTGATTATTTATAAATGATACT,1188,1059
GGTATCA_ATAATTAGTCATCTTTCTAGC,1185,1060
GGTATCA_TAGATTTGACATGCTTCATCGA,1180,1074
GGTATCA_CCTATCCTTGATTTTCTATGTG,1165,1046
GGTATCA_TATATAGTTTATTTTATATGTG,1152,1017
GGTATCA_GTGATCAAAGATAAAAGATTAT,1146,1016
GGTATCA_ACAATTTGCAATTATATATACT,1145,1022
GGTATCA_CAAATTATCCATATGGTATAAA,1140,1019
GGTATCA_CAGATACGCTATGCGACATGAA,1134,1008
GGTATCA_CAAATCATCTATTGTCTATCTC,1130,1006
GGTATCA_GCAATACTCGATGTTTAATCAT,1123,1020
GGTATCA_AAAATGAACAATCCTCTATCCA,1122,979
GGTATCA_GGAATTTGGCATACCCCATTAG,1118,993
GGTATCA_GATATCATAGATCCACGATGCT,1110,1009
GGTATCA_TGCATAATAAATCTAAAATATA,1108,997
GGTATCA_TCGATTTTTGATAGCTCATGCG,1106,993
GGTATCA_CTTATATTCCATGGCAGATAAT,1097,999
GGTATCA_AGTATAGAGGATATACTATGCA,1081,955
GGTATCA_AACATGTCCTATGAAATATCTT,1075,960
GGTATCA_ACTATACGTTATTAGACATTAT,1071,957
GGTATCA_GACATTCTGTATCTCGAATGGG,1059,961
GGTATCA_TACATTCACCATCCCGCATTCT,1058,953
GGTATCA_TCTATCGGGAATTCAATTATCCA,1051,949
GGTATCA_CAGATTCTGTATATCTTATAAC,1029,926
GGTATCA_GACATGCTACATACAACATATA,999,906
GGTATCA_TCCATCTTTTATTATTAATCTT,999,890
GGTATCA_TTCATTTTATATCGCTCATCTT,987,878
GGTATCA_ACGATACCATATCGATAATCTG,984,903
GGTATCA_CGCATACGTTATGTTTGATTAC,956,871
GGTATCA_CGTATTAACAATTTTCAATATT,921,844
GGTATCA_CTAATCATGCATGGTCTATCAT,921,841
GGTATCA_TAAATCCCATATTCTTTATTAG,907,832
GGTATCA_GGAATTCCTTATTCCACATTTT,894,821
GGTATCA_TGCATTATCTATCATGAATTAT,826,768
GGTATCA_CCTATCTGTTATGATTTATTTA,812,741
GGTATCA_GCCATTGGATATATTTGATTAA,801,744
GGTATCA_TTCATTTCACATTAAGTATAAT,598,557
GGTATCA_CTCATTAGTCATGAGTGATTTA,548,517
GGTATCA_CCCATTAGCAATGATATATAAT,487,463
GGTATCA_AGTATTTCCTATCATTGATCAT,465,438
GGTATCA_TACATTTGCAATTGAGTATCAA,465,444
GGTATCA_TGGATTACCCATTGTCAATATA,443,426
GGTATCA_ACGATCTCTCATTCAACATATA,361,343
GGTATCA_TCAATTCCAAATGAATGATGTA,299,292
GGTATCA_TAAATCTCTTATACTCTATCAC,204,199
GGTATCA_TACATTTTGCATCCGATATCCA,80,80
GGTATCA_ATGATTAAGTATTCCTCATATC,16,16
